,highest_education,employment_status,repayment_method_convenience,effectiveness_repayment_method,collection_strategy_effectiveness,interaction_quality_on_repayment,overall_experience_with_loan_process,gender_female,gender_male,marital_status_divorced,marital_status_married,marital_status_single,marital_status_widowed,region_0,region_1,school_0,school_1,school_2,school_3,loan_purpose_0,loan_purpose_1,loan_purpose_2,repayment_info_source_0,repayment_info_source_1,repayment_info_source_2,repayment_info_source_3,repayment_method_0,repayment_method_1,repayment_method_2,over_under_milion_0,over_under_milion_1,discipline_0,discipline_1,discipline_2,repayment_status
0,3,0,2,1,0,1,0,0.0,1.0,0.0,1.0,0.0,0.0,0,1,0,0,0,1,0,0,1,0,0,0,1,0,0,1,0,1,0,0,1,0
1,3,0,0,1,1,1,0,1.0,0.0,0.0,0.0,1.0,0.0,1,0,0,0,0,1,0,0,1,0,0,1,0,0,1,0,0,1,0,0,1,0
2,3,0,3,4,4,3,4,0.0,1.0,0.0,1.0,0.0,0.0,1,0,0,0,0,1,0,1,0,0,0,1,1,0,1,0,0,1,0,0,1,0
3,3,0,3,4,4,3,4,1.0,0.0,0.0,1.0,0.0,0.0,0,1,0,0,0,1,0,1,0,0,0,1,1,0,1,0,0,1,0,0,1,0
4,0,0,3,4,4,3,4,0.0,1.0,0.0,1.0,0.0,0.0,1,0,0,0,0,1,0,0,1,0,0,1,1,0,1,0,0,1,0,0,1,0
5,0,0,3,4,4,3,4,0.0,1.0,0.0,1.0,0.0,0.0,1,0,0,0,0,1,0,1,0,0,0,1,1,0,1,0,0,1,0,0,1,0
6,2,0,3,4,4,3,4,0.0,1.0,0.0,1.0,0.0,0.0,1,1,0,0,0,1,0,0,1,0,1,0,0,0,1,0,0,1,0,0,1,0
7,3,0,3,4,4,3,4,0.0,1.0,0.0,1.0,0.0,0.0,0,1,0,0,0,1,0,0,1,0,0,1,1,0,1,0,0,1,0,0,1,0
8,0,0,3,4,4,3,4,0.0,1.0,0.0,0.0,1.0,0.0,1,1,0,0,0,1,0,1,0,0,0,1,1,0,1,0,1,0,0,0,1,0
9,2,0,2,2,0,2,1,0.0,1.0,0.0,0.0,0.0,1.0,1,1,0,0,0,1,0,1,0,0,1,0,0,0,1,0,0,1,0,0,1,0
10,0,0,1,1,2,1,1,0.0,1.0,0.0,0.0,1.0,0.0,1,1,0,0,0,1,0,1,0,0,1,0,1,0,1,1,1,0,0,0,1,1
11,0,0,0,0,2,0,1,1.0,0.0,0.0,0.0,1.0,0.0,1,0,0,0,1,0,0,1,0,0,1,1,0,0,1,0,0,1,0,0,1,2
12,0,3,1,1,2,1,1,1.0,0.0,0.0,0.0,1.0,0.0,1,0,0,0,1,0,0,1,0,0,1,0,0,0,1,1,1,0,0,0,1,1
13,3,2,1,1,1,0,0,0.0,1.0,0.0,0.0,1.0,0.0,1,1,0,0,1,0,0,1,0,0,1,0,0,1,0,0,1,0,0,0,1,2
14,0,0,2,2,2,1,1,1.0,0.0,0.0,0.0,1.0,0.0,1,0,0,0,1,0,0,1,0,0,1,0,1,1,0,0,1,0,0,0,1,2
15,0,0,3,4,0,2,1,1.0,0.0,0.0,1.0,0.0,0.0,0,1,0,0,1,1,0,1,1,0,0,1,0,0,1,0,0,1,0,1,0,0
16,0,2,4,3,3,0,0,1.0,0.0,0.0,0.0,1.0,0.0,1,1,0,1,0,0,1,0,0,0,1,1,1,0,1,1,0,1,0,1,0,1
17,0,0,2,2,2,1,1,0.0,1.0,0.0,1.0,0.0,0.0,1,0,0,0,1,1,0,1,0,0,1,0,1,0,1,0,0,1,0,1,0,2
18,3,0,2,0,0,1,1,0.0,1.0,0.0,1.0,0.0,0.0,1,1,0,0,1,1,1,0,0,0,1,0,0,0,1,0,0,1,0,1,0,0
19,2,0,0,0,0,2,2,0.0,1.0,0.0,1.0,0.0,0.0,1,1,0,1,0,0,0,1,0,0,1,0,0,0,1,0,1,0,0,1,0,0
20,0,0,1,1,2,1,1,0.0,1.0,0.0,0.0,1.0,0.0,1,0,0,0,1,1,0,1,0,0,1,0,0,0,1,1,1,0,0,1,0,1
21,0,1,1,1,2,1,1,0.0,1.0,0.0,0.0,1.0,0.0,1,0,0,0,1,1,0,1,0,0,1,0,0,0,1,1,1,0,0,1,0,1
22,3,0,0,0,0,2,2,1.0,0.0,0.0,1.0,0.0,0.0,1,1,0,1,0,0,0,1,0,0,1,0,0,0,1,0,1,0,0,1,0,0
23,2,0,0,0,0,2,4,0.0,1.0,0.0,1.0,0.0,0.0,1,1,0,0,1,1,0,1,0,0,1,0,0,0,1,0,0,1,0,1,0,0
24,0,0,1,1,0,1,1,0.0,1.0,0.0,0.0,1.0,0.0,1,0,0,0,1,1,0,1,0,0,1,0,0,0,1,1,1,0,0,1,0,1
25,2,0,2,2,0,1,1,1.0,0.0,0.0,1.0,0.0,0.0,1,0,0,0,1,1,0,1,0,0,1,0,0,0,1,0,1,0,0,1,0,0
26,0,2,1,1,2,1,1,0.0,1.0,0.0,0.0,1.0,0.0,1,0,0,0,1,1,1,0,0,0,1,0,0,0,1,1,1,0,0,1,0,1
27,3,1,2,2,2,1,1,1.0,0.0,1.0,0.0,0.0,0.0,0,1,0,1,0,0,0,0,1,0,1,0,0,1,0,0,1,0,0,1,0,2
28,0,2,1,1,2,1,1,0.0,1.0,0.0,0.0,1.0,0.0,1,0,0,0,1,1,0,1,0,0,1,0,0,0,1,1,1,0,0,1,0,1
29,0,1,1,1,2,1,1,0.0,1.0,0.0,1.0,0.0,0.0,1,0,0,0,1,1,1,0,1,0,1,0,0,1,0,0,0,1,0,1,0,2
30,0,0,1,1,2,1,1,0.0,1.0,0.0,1.0,0.0,0.0,1,1,0,1,0,0,0,0,1,0,1,0,1,0,1,0,1,0,0,1,0,2
31,2,0,1,1,2,1,1,0.0,1.0,1.0,0.0,0.0,0.0,1,1,0,0,1,1,0,1,0,0,1,0,0,1,0,0,1,0,0,1,0,2
32,0,0,1,1,2,1,1,0.0,1.0,0.0,0.0,1.0,0.0,0,1,0,0,1,1,0,1,0,0,1,0,0,0,1,0,1,0,0,1,0,2
33,0,0,1,1,1,1,1,0.0,1.0,0.0,0.0,1.0,0.0,1,0,0,0,1,1,0,1,0,0,1,0,0,0,1,1,1,0,0,1,0,1
34,3,0,1,1,2,1,1,0.0,1.0,0.0,1.0,0.0,0.0,1,0,0,0,1,1,1,0,0,0,1,0,0,0,1,1,0,1,0,1,0,1
35,0,0,1,1,2,1,1,1.0,0.0,0.0,1.0,0.0,0.0,1,1,0,0,1,1,1,0,0,0,1,0,0,0,1,1,0,1,0,1,0,1
36,0,0,1,1,2,1,1,0.0,1.0,0.0,1.0,0.0,0.0,1,1,0,0,1,1,0,1,0,0,1,0,0,0,1,1,1,0,0,1,0,1
37,3,0,1,1,2,1,1,1.0,0.0,0.0,1.0,0.0,0.0,0,1,0,0,1,1,0,1,0,0,1,0,0,0,1,0,1,0,0,1,0,2
38,0,0,1,1,2,1,1,0.0,1.0,0.0,0.0,1.0,0.0,1,0,0,0,1,1,0,1,0,0,0,1,1,0,1,1,1,0,0,1,0,1
39,0,0,1,1,2,1,1,0.0,1.0,0.0,1.0,0.0,0.0,1,0,0,0,1,1,0,1,0,0,1,0,0,0,1,1,0,1,0,1,0,1
40,0,0,1,1,2,1,1,0.0,1.0,0.0,0.0,1.0,0.0,0,1,0,0,1,1,0,1,0,0,1,0,0,0,1,1,1,0,0,1,1,1
41,0,3,1,1,1,1,1,1.0,0.0,0.0,0.0,1.0,0.0,1,1,0,0,1,1,0,1,0,0,1,0,0,0,1,1,1,0,0,1,1,1
42,0,2,1,1,2,1,1,0.0,1.0,0.0,0.0,1.0,0.0,1,0,0,0,1,1,0,1,0,0,1,0,0,0,1,1,1,0,0,1,1,1
43,0,1,1,1,2,1,1,0.0,1.0,0.0,0.0,1.0,0.0,1,0,0,0,1,1,0,0,1,0,1,0,0,0,1,1,1,0,0,1,1,1
44,0,0,1,1,2,1,1,1.0,0.0,0.0,1.0,0.0,0.0,0,1,0,0,1,1,0,1,0,0,1,0,0,0,1,1,1,0,0,1,1,1
45,0,0,2,0,1,0,0,0.0,1.0,0.0,1.0,0.0,0.0,1,0,0,1,0,1,0,1,0,0,1,1,0,0,1,0,0,1,0,1,1,2
46,0,0,1,1,2,1,1,0.0,1.0,0.0,0.0,1.0,0.0,1,0,0,0,1,0,0,1,0,0,1,0,0,1,0,0,1,0,0,1,1,2
47,3,0,1,1,0,1,1,0.0,1.0,0.0,1.0,0.0,0.0,1,0,0,0,0,1,0,1,0,0,1,0,0,0,1,0,1,0,0,0,1,2
48,2,0,3,4,4,3,4,1.0,0.0,0.0,1.0,0.0,0.0,1,0,0,0,1,1,0,0,1,0,0,1,1,0,1,0,0,1,0,1,0,0
49,2,0,0,0,2,1,1,0.0,1.0,0.0,1.0,0.0,0.0,1,0,0,0,1,1,0,0,1,0,1,0,0,0,1,0,0,1,0,1,0,2
50,0,0,0,0,0,2,1,1.0,0.0,0.0,1.0,0.0,0.0,0,1,0,1,0,0,0,1,0,0,1,0,0,0,0,1,0,1,0,0,1,0
51,0,0,2,2,2,1,1,0.0,1.0,0.0,1.0,0.0,0.0,0,1,0,0,0,1,0,1,0,0,1,0,1,0,1,1,0,1,0,0,1,1
52,3,2,3,4,4,2,4,1.0,0.0,1.0,0.0,0.0,0.0,0,1,0,0,1,1,0,0,1,0,0,1,0,0,1,0,0,1,0,1,0,0
53,2,0,2,2,2,1,2,0.0,1.0,0.0,1.0,0.0,0.0,1,1,0,0,1,1,1,1,0,0,0,1,0,0,1,0,0,1,0,1,1,0
54,3,0,0,0,0,2,2,0.0,1.0,0.0,0.0,1.0,0.0,1,0,0,0,1,1,1,1,0,0,0,1,0,0,1,0,0,1,0,1,1,0
55,0,0,0,0,0,1,1,0.0,1.0,0.0,1.0,0.0,0.0,0,1,0,1,0,0,0,0,1,0,0,1,0,0,1,1,0,1,0,1,1,1
56,3,0,1,1,2,1,0,1.0,0.0,0.0,1.0,0.0,0.0,1,0,0,0,0,1,0,1,0,0,1,0,0,0,1,1,1,0,0,0,1,1
57,0,1,2,2,2,1,1,0.0,1.0,0.0,1.0,0.0,0.0,0,1,0,0,0,1,0,1,0,0,1,0,1,0,1,1,0,1,0,0,1,1
58,0,3,2,2,0,2,1,1.0,0.0,0.0,0.0,1.0,0.0,1,0,0,0,0,1,0,1,0,0,1,0,1,0,1,1,1,0,0,0,1,1
59,3,0,0,0,0,2,2,1.0,0.0,0.0,1.0,0.0,0.0,1,1,0,0,0,1,0,1,0,0,0,1,1,0,1,0,0,1,0,1,1,0
60,3,0,2,0,0,2,1,0.0,1.0,0.0,0.0,1.0,0.0,1,1,0,0,0,1,0,1,0,0,1,0,1,1,0,0,0,1,0,1,1,2
61,0,3,1,1,2,1,1,0.0,1.0,0.0,0.0,1.0,0.0,1,0,0,0,0,1,0,1,0,0,1,0,0,0,1,1,1,0,0,0,1,1
62,0,0,0,4,0,3,4,0.0,1.0,0.0,1.0,0.0,0.0,1,1,0,0,0,1,1,0,1,0,0,1,1,0,1,0,0,1,0,0,1,0
63,0,0,1,1,2,1,2,0.0,1.0,0.0,0.0,1.0,0.0,1,0,0,0,0,1,0,1,0,0,1,0,0,0,1,1,1,0,0,0,1,1
64,2,0,0,2,2,1,1,0.0,1.0,0.0,1.0,0.0,0.0,0,1,0,1,0,0,0,1,0,0,1,0,0,0,1,0,0,1,0,1,1,0
65,3,0,0,0,0,2,4,1.0,0.0,0.0,1.0,0.0,0.0,1,1,0,1,0,0,0,0,1,0,0,1,1,0,1,0,0,1,0,1,1,0
66,2,0,3,4,4,3,4,0.0,1.0,0.0,1.0,0.0,0.0,1,0,0,1,0,0,0,1,0,0,0,1,1,0,1,0,0,1,0,1,1,0
67,2,0,3,4,4,3,4,0.0,1.0,0.0,1.0,0.0,0.0,0,1,0,1,0,0,0,1,0,0,0,1,1,0,1,0,0,1,0,1,1,0
68,3,2,2,0,0,2,4,0.0,1.0,0.0,1.0,0.0,0.0,1,0,0,0,0,1,0,0,1,0,0,1,0,1,0,0,0,1,0,0,1,0
69,0,0,2,0,2,0,0,0.0,1.0,0.0,0.0,1.0,0.0,1,0,0,0,1,1,0,1,0,0,1,1,0,0,1,0,1,0,0,0,1,2
70,0,0,0,0,0,2,2,0.0,1.0,0.0,0.0,1.0,0.0,0,1,0,1,0,0,0,1,0,0,1,1,0,0,1,0,0,1,0,1,1,0
71,0,0,0,0,0,2,2,0.0,1.0,0.0,1.0,0.0,0.0,1,0,0,1,0,0,0,1,0,0,0,1,0,0,1,0,0,1,0,1,1,0
72,0,0,3,4,4,3,4,1.0,0.0,0.0,1.0,0.0,0.0,1,0,0,1,0,0,0,1,0,0,0,1,1,0,1,0,0,1,0,1,1,0
73,0,0,3,4,4,3,4,0.0,1.0,0.0,0.0,1.0,0.0,0,1,0,1,0,0,1,1,1,0,0,1,1,0,1,0,0,1,0,1,1,0
74,3,0,3,4,4,3,4,0.0,1.0,0.0,1.0,0.0,0.0,1,0,0,1,0,0,0,0,1,0,0,1,1,0,1,0,1,0,0,1,1,0
75,0,0,3,4,4,3,4,0.0,1.0,0.0,0.0,1.0,0.0,1,0,0,1,0,0,0,1,0,0,0,1,1,0,1,0,0,1,0,1,1,0
76,0,0,3,4,4,3,4,0.0,1.0,0.0,1.0,0.0,0.0,1,0,0,1,0,0,0,0,1,0,0,1,1,0,1,0,0,1,0,1,1,0
77,0,0,3,4,4,3,4,0.0,1.0,0.0,1.0,0.0,0.0,1,1,0,0,1,1,0,1,0,0,0,1,1,0,1,0,0,1,0,1,1,0
78,3,0,3,4,4,3,4,0.0,1.0,0.0,0.0,1.0,0.0,1,0,0,1,0,0,0,1,0,0,0,1,1,0,1,0,0,1,0,1,1,0
79,0,0,3,4,4,3,4,1.0,0.0,0.0,0.0,1.0,0.0,0,1,0,0,1,1,0,1,0,0,0,1,1,0,1,0,1,0,0,1,1,0
80,2,2,0,1,1,0,0,1.0,0.0,1.0,0.0,0.0,0.0,1,1,0,0,1,0,0,1,0,0,1,0,0,1,0,0,1,0,0,1,1,0
81,3,0,0,0,0,2,2,1.0,0.0,0.0,1.0,0.0,0.0,0,1,0,0,0,1,0,1,0,0,0,1,1,1,0,0,0,1,0,1,1,0
82,0,0,0,2,2,2,1,0.0,1.0,0.0,0.0,1.0,0.0,1,1,0,0,0,1,1,1,0,0,1,0,1,0,1,0,0,1,0,1,1,0
83,0,0,3,4,4,3,4,1.0,0.0,0.0,1.0,0.0,0.0,1,1,0,1,0,0,0,1,0,0,0,1,1,0,1,0,0,1,0,1,1,0
84,0,0,1,1,2,1,1,0.0,1.0,0.0,0.0,1.0,0.0,1,0,0,0,1,0,0,1,0,0,1,0,0,0,1,0,1,0,1,0,0,2
85,0,0,0,0,0,2,2,0.0,1.0,0.0,1.0,0.0,0.0,1,0,0,0,1,0,0,1,0,0,1,0,0,0,1,0,0,1,0,1,1,2
86,0,2,1,1,2,1,1,0.0,1.0,0.0,0.0,1.0,0.0,1,0,0,0,1,0,0,1,0,0,0,1,0,0,1,1,1,0,0,1,1,1
87,0,0,1,1,2,1,1,1.0,0.0,0.0,1.0,0.0,0.0,1,0,0,0,1,0,0,1,0,0,1,0,0,0,1,1,1,0,0,1,1,1
88,3,0,0,0,0,2,1,0.0,1.0,1.0,0.0,0.0,0.0,1,0,0,0,1,0,1,0,1,0,1,0,0,0,1,0,0,1,0,1,1,0
89,0,0,0,0,0,2,2,0.0,1.0,0.0,1.0,0.0,0.0,1,1,0,0,1,1,0,1,0,0,1,0,0,0,1,0,0,1,0,1,1,0
90,0,0,3,4,0,3,4,0.0,1.0,0.0,1.0,0.0,0.0,0,1,0,0,1,1,0,1,0,0,0,1,1,1,0,0,0,1,0,1,1,0
91,0,0,2,2,0,1,1,1.0,0.0,0.0,1.0,0.0,0.0,1,1,0,0,0,1,0,0,1,0,1,0,1,0,1,0,1,0,0,1,1,2
92,0,0,3,4,4,3,4,1.0,0.0,0.0,1.0,0.0,0.0,0,1,0,0,1,1,0,1,0,0,0,1,1,0,1,0,0,1,0,1,1,0
93,2,0,3,4,4,3,4,0.0,1.0,0.0,1.0,0.0,0.0,1,0,0,0,1,1,0,1,0,0,0,1,1,0,1,0,0,1,0,1,1,0
94,0,0,3,4,4,3,4,0.0,1.0,0.0,1.0,0.0,0.0,1,1,0,0,1,1,0,1,0,0,0,1,1,0,1,0,0,1,0,1,1,0
95,0,0,3,4,4,3,4,1.0,0.0,0.0,0.0,1.0,0.0,1,1,0,0,1,1,0,0,1,0,0,1,1,0,1,0,1,0,0,1,1,0
96,0,0,3,4,4,3,4,1.0,0.0,0.0,1.0,0.0,0.0,0,1,0,0,1,1,0,1,0,0,0,1,1,0,1,0,0,1,0,1,1,0
97,0,0,3,4,4,3,4,1.0,0.0,0.0,1.0,0.0,0.0,1,0,0,0,1,1,1,0,1,0,1,1,0,0,1,0,0,1,0,1,1,0
98,0,0,3,4,4,3,4,1.0,0.0,0.0,1.0,0.0,0.0,1,0,0,0,1,1,0,1,0,0,0,1,1,0,1,0,0,1,0,1,1,0
99,0,0,3,4,4,3,4,1.0,0.0,0.0,0.0,1.0,0.0,0,1,0,0,1,1,0,1,0,0,1,1,0,0,1,0,1,0,0,1,1,0
100,0,0,3,4,4,3,4,1.0,0.0,0.0,1.0,0.0,0.0,0,1,0,0,1,1,0,1,0,0,0,1,1,0,1,0,0,1,0,1,1,0
101,0,0,3,4,4,3,4,1.0,0.0,0.0,0.0,1.0,0.0,0,1,0,0,1,1,0,1,0,0,0,1,1,0,1,0,0,1,0,1,1,0
102,0,0,3,4,4,3,4,1.0,0.0,0.0,0.0,1.0,0.0,0,1,0,0,1,1,1,0,0,0,0,1,1,0,1,0,0,1,0,1,1,0
103,0,0,2,2,0,2,2,1.0,0.0,0.0,0.0,1.0,0.0,0,1,0,1,0,1,0,1,0,0,0,1,1,1,0,0,1,0,0,1,1,2
104,0,0,3,4,4,3,4,0.0,1.0,0.0,1.0,0.0,0.0,0,1,0,1,0,0,0,1,0,0,0,1,1,0,1,0,0,1,1,0,0,0
105,0,0,2,2,0,2,1,0.0,1.0,0.0,0.0,1.0,0.0,1,0,0,1,0,0,0,1,0,0,1,0,0,0,1,0,0,1,1,0,0,2
106,2,0,3,4,4,3,4,0.0,1.0,0.0,1.0,0.0,0.0,0,1,0,1,0,0,0,1,0,0,0,1,1,0,1,0,0,1,1,0,0,0
107,0,0,3,4,4,3,4,1.0,0.0,0.0,1.0,0.0,0.0,0,1,0,1,0,0,0,1,0,0,0,1,1,0,1,0,0,1,1,0,0,0
108,0,0,3,4,4,3,4,0.0,1.0,0.0,1.0,0.0,0.0,0,1,0,1,0,0,0,1,0,0,0,1,1,0,1,0,0,1,1,0,0,0
109,0,0,2,1,2,1,1,0.0,1.0,0.0,0.0,1.0,0.0,1,0,0,1,0,0,0,1,0,0,1,0,0,0,1,0,0,1,0,0,1,0
110,2,0,3,4,4,3,4,0.0,1.0,0.0,1.0,0.0,0.0,1,0,0,0,0,1,0,0,1,0,0,1,1,0,1,0,0,1,0,0,1,0
111,0,1,1,1,1,0,0,0.0,1.0,0.0,1.0,0.0,0.0,1,1,0,0,1,0,0,1,0,0,1,0,0,1,0,0,0,1,1,0,1,2
112,0,0,0,2,0,2,1,1.0,0.0,0.0,1.0,0.0,0.0,1,1,0,1,0,0,0,1,0,0,1,1,0,0,1,0,0,1,0,1,1,2
113,0,0,0,0,2,1,2,0.0,1.0,0.0,1.0,0.0,0.0,1,1,0,0,0,1,0,1,0,0,1,0,1,0,1,0,0,1,0,1,1,2
114,0,0,0,4,0,3,4,1.0,0.0,0.0,0.0,1.0,0.0,1,0,0,0,0,1,0,1,0,0,0,1,1,0,1,0,0,1,0,1,1,2
115,0,0,0,0,0,2,2,1.0,0.0,0.0,1.0,0.0,0.0,1,1,0,1,0,0,0,1,0,0,0,1,1,0,1,0,0,1,1,0,1,0
116,0,0,0,1,2,0,0,1.0,0.0,0.0,1.0,0.0,0.0,1,1,0,1,0,0,1,0,1,0,0,1,1,0,1,0,0,1,0,1,1,2
117,3,0,0,0,0,2,2,0.0,1.0,0.0,1.0,0.0,0.0,1,1,0,1,0,0,0,1,0,0,1,0,0,0,1,0,0,1,0,1,1,0
118,3,0,3,4,4,3,4,1.0,0.0,0.0,1.0,0.0,0.0,1,0,0,1,0,0,0,1,0,0,0,1,1,0,1,0,0,1,0,1,1,0
119,3,0,3,4,4,3,4,0.0,1.0,0.0,1.0,0.0,0.0,0,1,0,1,0,0,0,1,0,0,0,1,1,0,1,0,0,1,0,1,1,0
120,0,0,3,4,4,3,4,0.0,1.0,0.0,1.0,0.0,0.0,1,1,0,1,0,0,1,0,0,0,0,1,1,0,1,0,0,1,0,1,1,0
121,2,0,3,4,4,3,4,0.0,1.0,0.0,1.0,0.0,0.0,1,1,0,1,0,0,1,1,1,0,0,1,1,0,1,0,0,1,0,1,1,0
122,0,0,3,4,4,3,4,1.0,0.0,0.0,1.0,0.0,0.0,1,1,0,1,0,0,0,1,0,0,0,1,1,0,1,0,0,1,0,1,1,0
123,0,0,3,4,4,3,1,1.0,0.0,0.0,1.0,0.0,0.0,0,1,0,1,0,0,1,0,0,0,0,1,1,0,1,0,0,1,0,1,1,0
124,0,0,3,4,4,3,4,0.0,1.0,0.0,1.0,0.0,0.0,1,1,0,1,0,0,0,1,0,0,0,1,1,0,1,0,0,1,0,1,1,0
125,3,0,3,4,4,3,4,0.0,1.0,0.0,0.0,1.0,0.0,1,0,0,1,0,0,0,1,0,0,0,1,1,0,1,0,0,1,0,1,1,0
126,0,0,3,4,4,3,4,0.0,1.0,0.0,0.0,1.0,0.0,0,1,0,1,0,0,0,1,0,0,0,1,1,0,1,0,0,1,0,1,1,0
127,2,0,3,4,4,3,4,1.0,0.0,0.0,1.0,0.0,0.0,0,1,0,1,0,0,0,1,0,0,0,1,1,0,1,0,1,0,0,1,1,0
128,0,0,0,0,0,1,2,0.0,1.0,0.0,1.0,0.0,0.0,1,0,0,0,0,1,0,1,0,0,0,1,0,0,1,0,0,1,1,0,0,0
129,3,0,1,1,2,1,1,0.0,1.0,0.0,0.0,1.0,0.0,1,0,0,0,1,0,0,1,0,0,1,0,0,0,1,1,1,0,1,0,0,1
130,0,0,0,0,0,2,2,0.0,1.0,0.0,1.0,0.0,0.0,0,1,0,0,1,1,0,1,0,0,0,1,1,0,1,0,0,1,1,0,1,2
131,3,2,3,0,4,3,4,0.0,1.0,0.0,0.0,1.0,0.0,1,0,0,0,1,0,0,1,0,0,1,1,0,1,0,0,0,1,0,1,1,0
132,0,0,1,1,2,1,1,0.0,1.0,0.0,1.0,0.0,0.0,1,0,0,0,1,0,0,1,0,0,0,1,1,0,1,1,1,0,1,0,0,1
133,0,0,0,0,0,2,2,1.0,0.0,0.0,1.0,0.0,0.0,1,1,0,1,0,0,0,1,0,0,1,0,0,1,0,0,0,1,1,0,1,0
134,2,0,1,1,1,0,3,0.0,1.0,1.0,0.0,0.0,0.0,1,0,0,1,0,0,0,1,0,0,1,0,0,0,1,0,1,0,1,0,1,0
135,0,3,2,2,2,1,1,1.0,0.0,0.0,0.0,1.0,0.0,1,1,0,1,0,0,0,1,0,0,0,1,1,0,1,1,1,0,0,1,1,1
136,0,0,2,0,0,1,1,0.0,1.0,0.0,1.0,0.0,0.0,1,0,0,0,1,1,0,1,0,0,1,0,0,0,1,0,1,0,0,1,1,0
137,0,2,0,0,0,2,2,1.0,0.0,0.0,0.0,1.0,0.0,0,1,0,0,1,0,1,0,0,0,1,1,0,1,0,0,1,0,1,1,0,2
138,0,0,0,0,0,2,2,0.0,1.0,0.0,1.0,0.0,0.0,1,0,0,0,1,0,0,1,0,0,1,0,0,0,1,0,1,0,1,0,0,2
139,0,0,3,4,4,3,4,0.0,1.0,0.0,1.0,0.0,0.0,1,1,0,1,0,0,0,1,0,0,0,1,1,0,1,0,0,1,0,1,1,0
140,0,0,0,2,1,1,1,1.0,0.0,0.0,1.0,0.0,0.0,0,1,0,1,1,0,0,1,0,0,1,1,1,0,1,1,1,0,0,0,1,1
141,3,0,2,2,0,2,2,0.0,1.0,0.0,1.0,0.0,0.0,1,0,0,0,1,1,1,1,1,1,0,0,0,0,0,1,0,1,0,1,1,0
142,0,0,0,0,2,3,2,1.0,0.0,0.0,1.0,0.0,0.0,0,1,0,1,0,0,1,1,1,0,1,0,1,0,0,1,0,1,0,1,1,0
143,3,0,0,0,0,2,3,1.0,0.0,0.0,0.0,1.0,0.0,0,1,0,1,0,0,1,0,0,0,1,1,1,0,0,1,0,1,0,1,1,0
144,0,0,3,0,0,3,2,0.0,1.0,0.0,1.0,0.0,0.0,1,0,0,0,0,1,1,0,0,0,0,1,1,0,1,0,0,1,0,1,1,1
145,0,0,0,0,0,1,1,0.0,1.0,0.0,0.0,1.0,0.0,0,1,0,0,1,1,0,1,0,0,1,0,1,0,1,0,0,1,0,1,1,2
146,3,0,2,0,0,2,1,1.0,0.0,1.0,0.0,0.0,0.0,1,0,0,0,1,1,0,1,0,0,1,0,0,1,0,0,1,0,0,1,1,2
147,3,0,2,2,2,2,1,0.0,1.0,0.0,1.0,0.0,0.0,1,0,0,1,0,0,0,1,0,0,1,0,0,1,0,0,0,1,0,1,1,0
148,2,0,2,0,2,2,1,0.0,1.0,0.0,0.0,0.0,1.0,1,1,0,0,1,1,0,1,0,0,1,0,0,1,0,0,1,0,0,1,1,0
149,0,0,2,2,2,1,1,0.0,1.0,0.0,0.0,1.0,0.0,0,1,0,1,0,0,1,0,0,0,0,1,0,1,0,0,1,0,0,1,1,2
150,0,0,2,2,0,1,2,0.0,1.0,0.0,1.0,0.0,0.0,1,1,0,1,0,0,0,1,0,0,1,0,0,1,0,0,0,1,0,1,1,0
151,0,0,2,2,2,1,1,1.0,0.0,0.0,1.0,0.0,0.0,1,0,0,0,1,1,1,0,1,0,1,0,1,0,1,1,0,1,0,1,1,1
152,2,0,2,2,2,2,2,0.0,1.0,0.0,1.0,0.0,0.0,1,1,0,0,1,1,0,1,0,0,1,0,0,0,1,0,0,1,0,1,1,0
153,0,0,2,2,0,1,2,1.0,0.0,0.0,1.0,0.0,0.0,1,0,0,1,0,0,0,1,0,0,1,0,0,1,0,0,0,1,0,1,1,2
154,0,0,2,2,0,2,1,1.0,0.0,0.0,1.0,0.0,0.0,1,0,0,1,0,0,0,1,0,0,1,0,0,1,0,0,0,1,0,1,1,2
155,0,0,0,0,0,2,2,1.0,0.0,0.0,1.0,0.0,0.0,1,1,0,0,1,1,0,1,0,0,1,1,0,0,1,0,0,1,0,1,1,2
156,2,0,3,4,0,3,4,0.0,1.0,0.0,1.0,0.0,0.0,0,1,0,0,0,1,0,1,0,0,1,0,0,0,1,0,0,1,0,1,1,0
157,0,0,0,0,2,2,2,0.0,1.0,0.0,0.0,1.0,0.0,1,1,0,0,1,1,1,0,1,0,1,0,1,0,1,0,0,1,0,1,1,1
158,3,1,0,0,0,2,2,1.0,0.0,1.0,0.0,0.0,0.0,1,1,0,0,1,1,1,0,1,0,1,0,0,1,0,0,0,1,0,1,1,0
159,2,2,0,0,2,2,2,1.0,0.0,0.0,0.0,0.0,1.0,1,1,0,1,1,1,1,0,1,0,1,0,0,1,0,0,1,0,0,1,1,0
160,2,1,2,0,0,2,2,0.0,1.0,0.0,1.0,0.0,0.0,1,1,0,0,1,1,1,0,1,0,1,0,0,1,0,0,0,1,0,1,1,0
161,2,0,2,0,0,2,2,0.0,1.0,1.0,0.0,0.0,0.0,1,1,0,0,1,1,1,0,1,0,0,1,1,0,1,0,0,1,0,1,1,0
162,2,1,0,0,0,2,2,1.0,0.0,0.0,0.0,0.0,1.0,1,1,0,0,1,1,1,0,1,0,1,0,0,0,0,1,0,1,0,1,1,0
163,2,0,0,0,0,2,2,1.0,0.0,0.0,0.0,0.0,1.0,1,1,0,0,1,1,1,0,1,0,0,1,1,0,1,0,1,0,0,1,1,0
164,2,1,2,0,0,2,2,1.0,0.0,0.0,1.0,0.0,0.0,1,1,0,0,1,1,1,1,0,0,1,0,1,0,1,0,1,0,0,1,1,0
165,0,0,0,0,0,2,2,0.0,1.0,0.0,0.0,1.0,0.0,0,1,0,1,0,0,0,1,0,0,1,1,0,0,1,1,1,0,0,1,1,1
166,2,0,0,0,0,2,2,0.0,1.0,0.0,0.0,0.0,1.0,1,0,0,0,1,1,0,1,0,0,1,0,0,0,1,0,0,1,0,1,1,0
167,0,0,1,1,2,1,0,0.0,1.0,0.0,0.0,1.0,0.0,1,1,0,0,1,1,0,1,0,0,1,0,0,0,1,1,1,0,0,1,1,1
168,0,1,1,1,2,1,1,0.0,1.0,0.0,0.0,1.0,0.0,0,1,0,1,0,0,0,1,0,0,1,0,0,0,1,1,1,0,0,1,1,1
169,2,0,0,2,2,1,2,1.0,0.0,0.0,0.0,0.0,1.0,1,1,0,0,1,1,0,1,0,0,1,0,0,0,1,0,0,1,0,1,1,0
170,3,0,0,0,0,2,2,0.0,1.0,0.0,1.0,0.0,0.0,0,1,0,0,1,1,0,1,0,0,1,0,0,1,0,0,0,1,0,1,1,0
171,3,0,0,0,2,2,1,1.0,0.0,0.0,1.0,0.0,0.0,1,0,0,1,0,0,0,1,0,0,1,0,0,0,1,0,1,0,0,1,1,0
172,0,0,1,1,0,1,0,1.0,0.0,0.0,1.0,0.0,0.0,1,1,0,1,0,0,0,1,0,0,1,0,0,0,1,1,1,0,0,1,1,1
173,3,0,3,4,4,3,4,1.0,0.0,0.0,0.0,0.0,1.0,1,1,0,0,1,1,0,0,1,0,1,0,0,0,1,0,1,0,0,1,1,0
174,0,0,2,2,0,2,1,1.0,0.0,0.0,0.0,1.0,0.0,0,1,0,1,0,0,1,0,1,0,1,0,1,0,1,0,0,1,0,1,1,2
175,0,0,0,0,0,1,1,1.0,0.0,0.0,1.0,0.0,0.0,1,0,0,0,1,1,0,1,0,0,1,0,1,0,1,0,1,0,0,1,1,0
176,2,0,2,0,2,2,1,0.0,1.0,0.0,1.0,0.0,0.0,1,1,0,1,0,0,0,1,0,0,1,0,0,0,1,0,0,1,0,1,1,0
177,0,2,2,0,0,2,2,1.0,0.0,0.0,1.0,0.0,0.0,1,0,0,1,0,0,0,1,0,0,1,0,0,1,0,0,0,1,0,1,1,0
178,0,1,2,1,1,1,1,1.0,0.0,1.0,0.0,0.0,0.0,1,0,0,1,0,0,0,0,1,1,0,0,1,0,1,1,0,1,0,1,1,1
179,0,0,2,2,2,1,1,0.0,1.0,0.0,1.0,0.0,0.0,1,0,0,1,0,0,0,1,0,0,1,0,0,0,1,0,0,1,0,1,1,2
180,0,2,1,1,2,1,1,1.0,0.0,0.0,0.0,1.0,0.0,1,0,0,0,1,1,0,1,0,0,1,0,0,0,1,1,1,0,0,1,1,1
181,2,0,2,2,2,1,1,0.0,1.0,0.0,0.0,0.0,1.0,0,1,0,0,1,1,0,1,0,0,1,0,0,1,0,0,1,0,0,1,1,2
182,0,2,2,2,2,1,1,0.0,1.0,0.0,1.0,0.0,0.0,1,0,0,0,1,1,1,0,0,0,1,0,0,0,1,1,0,1,0,1,1,1
183,3,0,2,0,2,1,1,0.0,1.0,0.0,1.0,0.0,0.0,1,1,0,0,1,1,0,1,0,0,1,0,0,0,1,1,1,0,0,1,1,1
184,0,3,1,1,2,1,1,1.0,0.0,0.0,0.0,1.0,0.0,0,1,0,1,0,0,0,1,0,0,1,0,0,0,1,1,1,0,0,1,1,1
185,0,3,1,1,2,1,1,1.0,0.0,0.0,0.0,1.0,0.0,0,1,0,1,0,0,0,1,0,0,1,0,0,0,1,1,1,0,0,1,1,1
186,0,1,1,1,2,1,1,0.0,1.0,0.0,0.0,1.0,0.0,1,1,0,0,1,1,0,1,0,0,1,0,0,0,1,1,1,0,0,1,1,1
187,0,0,1,1,2,1,1,1.0,0.0,0.0,0.0,1.0,0.0,0,1,0,1,0,0,0,1,0,0,1,0,0,0,1,0,1,0,0,1,1,2
188,0,0,1,1,2,1,1,0.0,1.0,0.0,1.0,0.0,0.0,0,1,0,0,1,1,0,1,0,0,1,0,0,1,0,0,1,0,0,1,1,2
189,0,0,1,1,2,1,1,1.0,0.0,0.0,1.0,0.0,0.0,0,1,0,1,0,0,0,1,0,0,1,0,0,0,1,1,1,0,0,1,1,1
190,2,0,1,1,1,1,1,0.0,1.0,0.0,0.0,0.0,1.0,1,1,0,0,1,1,0,1,0,0,0,1,0,0,1,0,0,1,0,1,1,2
191,3,0,1,1,2,1,0,0.0,1.0,0.0,1.0,0.0,0.0,1,0,0,0,1,1,1,0,0,0,1,0,0,0,1,1,0,1,0,1,1,1
192,0,0,0,0,0,2,2,1.0,0.0,0.0,1.0,0.0,0.0,0,1,0,0,0,1,0,1,0,0,1,0,1,0,1,0,0,1,0,1,1,2
193,0,3,1,1,2,1,1,1.0,0.0,0.0,0.0,1.0,0.0,1,1,0,1,0,0,0,1,0,0,1,0,1,0,1,1,0,1,0,1,1,1
194,0,3,1,1,2,1,1,1.0,0.0,0.0,0.0,1.0,0.0,0,1,0,1,0,0,0,1,0,0,0,1,0,0,1,1,1,0,0,1,1,1
195,0,0,2,2,2,1,1,1.0,0.0,0.0,0.0,1.0,0.0,0,1,0,0,1,1,0,1,0,0,1,1,0,0,1,0,1,0,0,1,1,2
196,0,0,1,1,2,1,1,1.0,0.0,0.0,1.0,0.0,0.0,1,1,0,1,0,0,0,0,1,0,1,0,0,0,1,1,1,0,0,1,1,1
197,3,0,1,1,2,1,1,1.0,0.0,0.0,0.0,1.0,0.0,1,0,0,0,1,1,0,1,0,0,1,0,0,0,1,1,1,0,0,1,1,1
198,3,0,1,1,2,1,1,0.0,1.0,0.0,1.0,0.0,0.0,1,0,0,1,0,0,0,0,1,0,0,1,1,0,1,1,1,0,0,1,1,1
199,0,0,1,1,2,1,1,0.0,1.0,0.0,0.0,1.0,0.0,0,1,0,0,1,1,0,1,0,0,1,0,0,0,1,1,1,0,0,1,1,1
200,0,0,1,1,2,1,1,0.0,1.0,0.0,0.0,1.0,0.0,1,0,0,1,0,0,0,1,0,0,1,0,0,0,1,1,1,0,1,0,0,1
201,0,0,1,1,2,1,1,0.0,1.0,0.0,0.0,1.0,0.0,1,0,0,1,0,0,0,1,0,0,1,0,0,0,1,1,1,0,1,0,0,1
202,0,1,1,1,2,1,1,0.0,1.0,0.0,1.0,0.0,0.0,0,1,0,1,0,0,0,1,0,0,1,0,0,0,1,1,1,0,0,1,1,1
203,0,1,1,1,2,1,1,1.0,0.0,0.0,1.0,0.0,0.0,0,1,0,0,1,1,0,1,0,0,1,0,0,0,1,1,1,0,0,1,1,1
204,0,0,1,1,2,1,1,0.0,1.0,0.0,0.0,1.0,0.0,0,1,0,0,1,1,0,1,0,0,1,0,0,0,1,1,1,0,0,1,1,1
205,0,0,1,1,2,1,1,0.0,1.0,0.0,1.0,0.0,0.0,1,1,0,1,0,0,1,0,0,0,1,0,0,1,0,0,0,1,0,1,1,2
206,0,0,1,1,2,1,2,0.0,1.0,0.0,0.0,1.0,0.0,1,0,0,1,0,0,0,1,0,0,1,0,0,0,1,1,1,0,0,1,1,1
207,0,2,1,1,2,1,1,1.0,0.0,0.0,1.0,0.0,0.0,0,1,0,0,1,1,0,1,0,0,1,0,0,0,1,1,1,0,0,1,1,1
208,0,1,1,1,2,1,1,0.0,1.0,0.0,0.0,1.0,0.0,1,0,0,1,0,0,0,1,0,0,1,0,0,0,1,1,1,0,0,1,1,1
209,0,2,1,1,2,1,1,0.0,1.0,0.0,1.0,0.0,0.0,0,1,0,0,1,1,0,1,0,0,1,0,0,0,1,1,1,0,0,1,1,1
210,0,2,1,1,2,1,1,1.0,0.0,0.0,0.0,1.0,0.0,1,0,0,0,1,1,0,1,0,0,1,0,0,0,1,1,1,0,0,1,1,1
211,0,0,1,1,2,1,0,1.0,0.0,0.0,1.0,0.0,0.0,0,1,0,0,1,1,0,1,0,0,1,0,0,0,1,1,1,0,0,1,1,1
212,0,0,1,1,2,1,1,0.0,1.0,0.0,0.0,1.0,0.0,0,1,0,0,1,1,0,1,0,0,1,0,0,0,1,1,1,0,0,1,1,1
213,3,0,1,1,2,1,1,0.0,1.0,0.0,0.0,1.0,0.0,1,0,0,1,0,0,0,1,0,0,1,0,0,0,1,1,1,0,0,1,1,1
214,0,0,1,1,2,1,1,0.0,1.0,0.0,1.0,0.0,0.0,1,0,0,1,0,0,0,1,0,0,1,0,0,0,1,1,1,0,0,1,1,1
215,0,2,1,1,2,1,1,1.0,0.0,0.0,1.0,0.0,0.0,1,0,0,1,0,0,0,1,0,0,1,0,0,0,1,1,1,0,0,1,1,1
216,3,0,3,0,4,1,2,1.0,0.0,0.0,0.0,0.0,1.0,1,0,0,1,0,0,0,0,1,0,1,1,1,0,1,0,1,0,0,0,1,0
217,0,2,0,0,0,1,2,1.0,0.0,0.0,0.0,1.0,0.0,0,1,0,0,0,1,0,1,1,0,0,1,1,0,0,1,0,1,1,0,0,0
218,0,0,2,0,0,1,1,0.0,1.0,0.0,1.0,0.0,0.0,0,1,0,0,0,1,1,0,0,0,0,1,0,0,0,1,0,1,0,1,1,0
219,0,0,1,1,1,1,1,0.0,1.0,0.0,0.0,1.0,0.0,1,0,0,1,0,0,0,1,0,0,1,1,0,0,1,1,1,0,0,1,1,1
220,0,0,0,0,0,2,2,0.0,1.0,0.0,0.0,1.0,0.0,1,1,0,1,1,1,0,1,0,0,0,1,1,0,1,0,0,1,1,0,1,2
221,0,2,0,0,0,2,2,0.0,1.0,0.0,1.0,0.0,0.0,0,1,0,0,0,1,1,0,0,0,0,1,1,0,0,1,0,1,1,0,1,0
222,0,0,2,2,0,0,0,0.0,1.0,0.0,0.0,1.0,0.0,1,1,0,1,1,1,0,1,0,0,0,1,1,0,1,0,1,0,1,0,1,2
223,0,0,0,0,0,2,2,0.0,1.0,0.0,1.0,0.0,0.0,1,1,0,1,1,1,0,1,0,0,0,1,1,0,1,0,0,1,1,0,1,2
224,0,0,2,2,2,2,1,0.0,1.0,0.0,0.0,1.0,0.0,1,1,1,0,0,0,0,1,0,0,1,0,1,1,0,0,1,0,1,0,1,2
225,0,0,3,4,4,3,4,1.0,0.0,0.0,1.0,0.0,0.0,1,0,0,1,1,1,0,1,0,0,0,1,1,0,1,0,0,1,1,0,1,0
226,3,0,0,0,0,2,2,1.0,0.0,0.0,1.0,0.0,0.0,1,0,0,1,1,1,0,1,0,0,0,1,1,0,1,0,0,1,1,0,1,0
227,0,0,0,0,0,2,2,1.0,0.0,0.0,1.0,0.0,0.0,0,1,0,1,1,1,0,1,0,0,0,1,0,0,1,0,0,1,1,0,1,0
228,0,0,0,0,0,2,2,0.0,1.0,0.0,0.0,1.0,0.0,1,0,0,1,1,1,0,1,0,0,0,1,1,0,1,0,1,0,1,0,1,2
229,3,0,0,0,0,2,2,0.0,1.0,0.0,1.0,0.0,0.0,1,0,0,1,1,1,0,1,0,0,0,1,0,0,1,0,0,1,1,0,1,0
230,3,0,3,4,0,2,2,0.0,1.0,0.0,0.0,1.0,0.0,1,0,1,0,0,0,1,0,1,0,1,0,1,0,0,1,0,1,1,0,1,0
231,3,0,2,0,2,2,1,0.0,1.0,0.0,1.0,0.0,0.0,1,0,1,0,0,0,1,0,1,0,1,0,1,0,0,1,0,1,1,0,1,0
232,3,0,0,0,0,2,1,1.0,0.0,0.0,0.0,0.0,1.0,1,0,1,0,0,0,1,0,1,0,1,0,1,1,0,0,0,1,1,0,1,0
233,3,0,0,0,0,2,2,1.0,0.0,0.0,1.0,0.0,0.0,1,1,1,0,0,0,1,0,1,0,1,0,1,0,1,0,0,1,1,0,1,0
234,0,1,0,0,0,2,2,0.0,1.0,0.0,0.0,1.0,0.0,1,1,1,0,0,0,1,0,1,0,1,0,1,1,0,0,1,0,1,0,1,2
235,0,0,0,0,0,1,2,1.0,0.0,0.0,0.0,1.0,0.0,1,1,1,0,0,0,1,0,1,0,1,0,1,0,1,0,0,1,1,0,1,2
236,0,0,0,0,0,2,2,0.0,1.0,0.0,0.0,1.0,0.0,1,1,1,0,0,0,1,0,1,0,1,0,1,0,1,0,0,1,1,0,1,2
237,3,0,0,0,0,3,4,0.0,1.0,0.0,1.0,0.0,0.0,0,1,1,0,0,0,0,1,0,0,1,1,0,0,1,0,1,0,1,0,1,2
238,0,0,0,0,4,3,4,1.0,0.0,0.0,1.0,0.0,0.0,1,0,1,0,0,0,0,1,0,0,1,0,1,0,1,0,1,0,1,0,1,2
239,1,0,2,1,1,0,0,1.0,0.0,0.0,1.0,0.0,0.0,1,1,0,0,1,0,0,1,1,0,1,0,1,1,0,0,0,1,1,0,0,0
240,3,3,2,1,2,1,1,1.0,0.0,0.0,1.0,0.0,0.0,1,0,1,0,0,1,1,0,0,0,1,1,1,1,0,0,0,1,1,0,1,0
241,3,0,0,0,0,2,2,0.0,1.0,0.0,1.0,0.0,0.0,1,0,0,0,0,1,0,1,0,0,0,1,1,1,0,0,0,1,0,1,1,0
242,0,2,2,1,2,0,1,0.0,1.0,0.0,0.0,1.0,0.0,1,0,0,0,0,1,1,0,1,0,0,1,0,0,1,0,0,1,0,1,1,2
243,0,0,1,1,1,0,0,0.0,1.0,0.0,1.0,0.0,0.0,0,1,0,1,0,0,1,0,0,0,1,0,0,0,1,1,0,1,0,1,1,1
244,3,0,3,0,0,1,2,0.0,1.0,0.0,1.0,0.0,0.0,0,1,0,1,0,0,1,1,1,0,1,0,0,0,1,0,0,1,0,1,1,2
245,0,0,2,1,1,1,1,0.0,1.0,0.0,1.0,0.0,0.0,0,1,0,1,0,0,0,0,1,0,1,0,1,1,0,0,0,1,0,1,1,2
246,3,0,2,2,2,1,1,0.0,1.0,0.0,0.0,1.0,0.0,0,1,0,1,0,0,1,1,1,1,0,1,0,0,1,1,0,1,0,1,1,1
247,3,0,1,1,2,1,1,0.0,1.0,0.0,0.0,1.0,0.0,1,0,0,1,0,0,0,0,1,0,1,1,1,0,1,1,1,0,0,1,1,1
248,0,0,1,1,2,1,2,1.0,0.0,0.0,0.0,1.0,0.0,1,0,0,1,0,0,0,1,0,1,0,0,1,0,1,1,0,1,0,1,1,1
249,3,0,0,0,4,1,1,0.0,1.0,0.0,1.0,0.0,0.0,0,1,0,1,0,0,0,0,1,0,1,1,1,0,1,1,0,1,0,1,1,1
250,3,0,1,1,3,1,0,0.0,1.0,1.0,0.0,0.0,0.0,1,0,0,1,0,0,0,0,1,0,1,1,1,0,1,1,0,1,0,1,1,1
251,0,0,1,1,2,1,1,1.0,0.0,0.0,1.0,0.0,0.0,0,1,0,1,0,0,0,0,1,0,1,1,1,0,1,1,0,1,0,1,1,1
252,0,0,4,3,0,2,1,0.0,1.0,0.0,1.0,0.0,0.0,1,0,0,1,0,0,1,0,0,0,0,1,1,0,0,1,1,0,0,1,1,0
253,0,0,0,2,2,2,1,0.0,1.0,0.0,1.0,0.0,0.0,1,0,0,1,0,0,0,0,1,0,0,1,1,0,1,0,0,1,0,1,1,2
254,0,0,0,0,0,2,2,1.0,0.0,0.0,1.0,0.0,0.0,0,1,0,0,0,1,0,1,0,0,0,1,1,0,1,0,1,0,0,1,1,2
255,0,2,0,2,2,1,1,1.0,0.0,0.0,0.0,1.0,0.0,0,1,0,0,0,1,1,0,0,0,1,0,1,0,0,1,0,1,0,1,1,0
256,3,0,3,4,4,3,4,1.0,0.0,0.0,1.0,0.0,0.0,1,1,0,0,0,1,0,1,0,0,0,1,1,0,1,0,0,1,0,1,1,0
257,3,0,3,4,4,3,4,0.0,1.0,0.0,1.0,0.0,0.0,0,1,0,0,0,1,0,1,0,0,0,1,1,0,1,0,0,1,0,1,1,0
258,0,0,2,2,0,2,2,0.0,1.0,0.0,0.0,1.0,0.0,1,1,0,0,0,1,0,1,0,0,1,0,1,0,1,0,0,1,0,1,1,2
259,0,0,3,4,4,3,4,1.0,0.0,0.0,1.0,0.0,0.0,0,1,0,0,0,1,0,0,1,0,0,1,1,0,1,0,0,1,0,1,1,0
260,0,0,3,4,4,3,4,1.0,0.0,0.0,1.0,0.0,0.0,0,1,0,0,0,1,1,0,1,0,0,1,1,0,1,0,0,1,0,1,1,0
261,0,0,1,1,2,1,1,0.0,1.0,0.0,0.0,1.0,0.0,1,1,0,0,0,1,1,0,0,0,1,0,0,0,1,1,0,1,0,1,1,1
262,0,0,1,1,2,1,1,0.0,1.0,0.0,0.0,1.0,0.0,1,0,0,0,0,1,0,1,0,0,1,0,0,0,1,0,1,0,0,1,1,2
263,3,0,3,4,0,2,2,0.0,1.0,0.0,1.0,0.0,0.0,0,1,0,1,0,0,0,1,0,0,0,1,0,0,1,0,0,1,0,1,1,0
264,0,0,1,1,1,1,2,1.0,0.0,0.0,0.0,1.0,0.0,1,0,0,1,0,0,1,0,0,0,0,1,0,0,1,0,0,1,0,1,1,2
265,0,0,2,2,2,1,1,0.0,1.0,0.0,0.0,1.0,0.0,0,1,0,0,0,1,1,0,0,0,1,0,1,0,1,1,0,1,1,0,1,1
266,0,0,3,4,4,3,4,1.0,0.0,0.0,0.0,1.0,0.0,1,1,0,1,1,1,0,1,0,0,0,1,1,0,1,0,1,0,1,0,1,2
267,0,0,0,4,0,2,2,1.0,0.0,0.0,1.0,0.0,0.0,0,1,0,1,1,1,0,1,0,0,1,1,0,0,1,0,1,0,1,0,1,2
268,0,0,0,0,0,2,2,0.0,1.0,0.0,1.0,0.0,0.0,1,0,0,1,1,1,0,1,0,0,1,1,0,0,1,0,0,1,1,0,1,0
269,0,0,0,0,0,2,2,0.0,1.0,0.0,0.0,1.0,0.0,1,1,0,1,1,1,0,1,0,0,1,1,0,0,1,0,1,0,1,0,1,2
270,0,0,2,2,0,1,1,0.0,1.0,0.0,0.0,1.0,0.0,1,1,0,1,1,1,0,1,0,0,1,0,1,0,1,0,1,0,1,0,1,2
271,2,0,0,0,2,1,2,0.0,1.0,0.0,1.0,0.0,0.0,1,1,0,1,1,1,0,1,0,0,1,0,0,0,1,0,0,1,1,0,1,0
272,0,0,2,0,2,1,1,1.0,0.0,0.0,1.0,0.0,0.0,0,1,0,1,1,1,0,1,0,0,1,0,0,0,1,0,0,1,1,0,1,2
273,3,0,2,0,2,1,1,0.0,1.0,0.0,0.0,0.0,1.0,1,0,0,1,1,1,0,1,0,0,1,0,0,1,0,0,1,0,1,0,1,2
274,0,0,2,0,2,1,1,0.0,1.0,1.0,0.0,0.0,0.0,0,1,0,1,0,0,0,1,0,0,1,0,0,0,1,0,0,1,1,0,1,0
275,3,0,0,2,2,1,1,0.0,1.0,0.0,1.0,0.0,0.0,1,1,0,1,0,0,0,1,0,0,1,0,0,1,0,0,0,1,1,0,1,0
276,3,0,0,0,0,2,1,0.0,1.0,0.0,1.0,0.0,0.0,1,0,0,1,1,1,0,1,0,0,1,0,0,0,1,0,0,1,1,0,1,0
277,0,0,2,2,2,1,1,0.0,1.0,0.0,0.0,1.0,0.0,1,0,0,1,1,1,0,1,0,0,1,0,1,0,1,0,1,0,1,0,1,2
278,0,0,2,2,0,2,2,1.0,0.0,0.0,1.0,0.0,0.0,1,0,0,1,1,1,0,1,0,0,1,0,0,0,1,0,0,1,1,0,1,0
279,0,0,2,0,2,2,2,0.0,1.0,0.0,1.0,0.0,0.0,0,1,0,1,1,1,0,1,0,0,1,0,0,0,1,0,1,0,1,0,1,2
280,0,1,1,1,2,1,1,0.0,1.0,0.0,0.0,1.0,0.0,1,0,0,1,1,1,1,0,0,0,0,1,0,0,1,1,1,0,1,0,1,1
281,2,0,2,0,0,2,1,1.0,0.0,0.0,1.0,0.0,0.0,1,1,0,1,0,0,1,0,0,0,1,0,0,1,0,0,0,1,1,0,1,0
282,0,2,1,1,2,1,1,0.0,1.0,0.0,0.0,1.0,0.0,1,0,0,1,0,0,0,1,0,0,1,0,0,0,1,1,1,0,1,0,1,1
283,3,0,3,4,4,3,4,1.0,0.0,0.0,1.0,0.0,0.0,1,0,0,1,1,1,0,1,0,0,1,1,0,0,1,0,1,0,1,0,1,2
284,3,1,0,0,0,2,1,0.0,1.0,0.0,1.0,0.0,0.0,1,0,0,1,1,1,1,0,1,0,0,1,1,0,1,0,0,1,1,0,1,0
285,0,0,0,0,0,2,2,0.0,1.0,0.0,1.0,0.0,0.0,1,1,0,1,1,1,1,0,1,0,1,0,1,0,1,0,0,1,1,0,1,1
286,3,0,0,0,0,2,2,0.0,1.0,0.0,1.0,0.0,0.0,1,1,0,1,1,1,1,0,1,0,1,0,1,0,1,0,0,1,1,0,1,2
287,2,0,0,0,0,2,2,0.0,1.0,0.0,1.0,0.0,0.0,1,1,0,1,1,1,1,0,1,0,0,1,1,0,1,0,0,1,1,0,1,0
288,0,0,0,0,0,2,2,1.0,0.0,0.0,1.0,0.0,0.0,1,1,0,1,1,1,1,0,1,0,1,0,1,0,1,0,0,1,1,0,1,0
289,2,1,0,0,0,2,2,1.0,0.0,1.0,0.0,0.0,0.0,1,1,0,1,1,1,1,0,1,0,1,0,0,0,0,1,0,1,1,0,1,0
290,3,0,0,0,0,1,2,0.0,1.0,0.0,1.0,0.0,0.0,1,1,0,1,1,1,1,0,1,0,1,0,1,0,1,0,0,1,1,0,1,0
291,0,0,3,4,4,3,4,1.0,0.0,0.0,1.0,0.0,0.0,1,1,0,1,1,1,0,0,1,0,0,1,1,0,1,0,0,1,1,0,1,0
292,0,2,1,1,2,1,1,0.0,1.0,0.0,0.0,1.0,0.0,1,0,0,1,0,0,0,1,0,0,1,0,0,0,1,1,1,0,1,0,1,1
293,3,0,3,4,4,3,4,1.0,0.0,0.0,1.0,0.0,0.0,1,1,0,1,1,1,1,0,0,0,0,1,1,0,1,0,0,1,1,0,1,0
294,0,0,3,4,4,3,4,1.0,0.0,0.0,1.0,0.0,0.0,0,1,0,1,1,1,0,1,0,0,0,1,1,0,1,0,0,1,1,0,1,0
295,0,0,3,4,4,3,4,1.0,0.0,0.0,1.0,0.0,0.0,0,1,0,1,1,1,1,1,0,0,0,1,1,0,1,0,0,1,1,0,1,0
296,0,0,3,4,4,3,4,1.0,0.0,0.0,1.0,0.0,0.0,1,0,0,1,1,1,0,1,0,0,0,1,1,0,1,0,0,1,1,0,1,0
297,2,0,3,4,4,3,4,0.0,1.0,0.0,1.0,0.0,0.0,0,1,0,1,1,1,0,0,1,0,0,1,1,0,1,0,1,0,1,0,1,0
298,2,0,3,4,4,3,4,1.0,0.0,0.0,0.0,0.0,1.0,0,1,0,1,1,1,0,1,0,0,0,1,1,0,1,0,0,1,1,0,1,0
299,0,0,3,4,4,3,4,1.0,0.0,0.0,0.0,1.0,0.0,1,0,0,1,1,1,1,0,1,0,0,1,1,0,1,0,0,1,1,0,1,0
300,3,0,2,2,1,0,0,1.0,0.0,1.0,0.0,0.0,0.0,0,1,0,1,0,0,0,1,0,0,1,0,0,0,1,0,1,0,1,0,1,2
301,0,0,3,4,4,3,4,1.0,0.0,0.0,1.0,0.0,0.0,0,1,0,1,1,1,0,1,0,0,0,1,1,0,1,0,0,1,1,0,1,0
302,2,0,3,4,4,3,4,0.0,1.0,1.0,0.0,0.0,0.0,0,1,0,1,1,1,1,1,1,0,0,1,1,0,1,0,0,1,1,0,1,0
303,2,0,0,4,0,2,2,0.0,1.0,0.0,1.0,0.0,0.0,1,0,0,1,1,1,0,1,0,0,1,0,0,0,1,0,0,1,1,0,1,0
304,0,0,1,1,2,1,1,0.0,1.0,0.0,1.0,0.0,0.0,0,1,0,1,0,0,1,0,0,0,0,1,0,0,1,1,0,1,1,0,1,1
305,3,0,0,0,4,2,2,0.0,1.0,0.0,1.0,0.0,0.0,1,0,0,1,1,1,1,0,1,0,1,0,0,0,0,1,0,1,1,0,1,0
306,3,1,2,2,2,1,1,0.0,1.0,0.0,1.0,0.0,0.0,1,0,0,1,0,0,0,1,0,0,1,0,0,0,1,1,1,0,1,0,1,1
307,0,0,1,1,0,2,1,1.0,0.0,0.0,1.0,0.0,0.0,0,1,0,1,0,0,0,1,0,0,1,0,0,1,0,0,1,0,1,0,1,2
308,0,0,1,1,2,1,1,0.0,1.0,0.0,0.0,1.0,0.0,0,1,0,1,1,1,0,1,0,0,1,0,0,0,1,1,1,0,1,0,1,1
309,0,0,1,1,2,1,1,0.0,1.0,0.0,0.0,1.0,0.0,1,1,0,1,0,0,0,1,0,0,1,0,0,0,1,1,1,0,1,0,1,1
310,0,2,1,1,2,1,1,0.0,1.0,0.0,0.0,1.0,0.0,1,1,0,1,0,0,0,1,0,0,1,0,0,0,1,1,1,0,1,0,1,1
311,0,0,1,1,2,1,1,0.0,1.0,0.0,0.0,1.0,0.0,1,0,0,1,0,0,0,1,0,0,0,1,0,0,1,1,1,0,1,0,1,1
312,0,0,1,1,2,1,1,0.0,1.0,0.0,0.0,1.0,0.0,0,1,0,1,1,1,0,1,0,0,1,0,1,0,1,0,1,0,1,0,1,2
313,0,2,1,1,2,1,1,0.0,1.0,0.0,0.0,1.0,0.0,1,1,0,1,1,1,0,1,0,0,1,0,1,0,1,1,1,0,1,0,1,1
314,0,0,1,1,2,1,1,0.0,1.0,0.0,0.0,1.0,0.0,1,0,0,1,0,0,0,1,0,0,1,0,0,0,1,1,1,0,1,0,1,1
315,3,0,1,1,2,1,1,1.0,0.0,0.0,1.0,0.0,0.0,0,1,0,1,1,1,0,1,0,0,1,0,0,1,0,0,1,0,1,0,1,2
316,0,1,1,1,1,1,1,0.0,1.0,0.0,1.0,0.0,0.0,0,1,0,0,1,1,0,1,0,0,1,0,0,0,1,1,0,1,1,1,1,1
317,0,0,0,0,0,2,2,0.0,1.0,0.0,1.0,0.0,0.0,1,0,1,0,0,0,1,0,1,0,1,0,0,0,0,1,0,1,1,0,1,0
318,0,1,2,2,2,1,1,1.0,0.0,0.0,1.0,0.0,0.0,0,1,0,1,1,1,1,0,0,0,1,0,0,0,1,1,0,1,1,0,1,1
319,0,3,2,2,2,1,1,0.0,1.0,0.0,0.0,1.0,0.0,0,1,1,0,0,0,0,1,0,0,1,0,1,0,1,1,1,0,1,0,1,1
320,0,0,1,1,2,1,1,0.0,1.0,0.0,0.0,1.0,0.0,1,0,1,0,0,0,1,0,0,0,1,0,0,0,1,1,1,0,1,0,1,1
321,2,0,2,0,2,1,1,0.0,1.0,0.0,1.0,0.0,0.0,0,1,0,1,0,0,0,1,0,0,0,1,0,0,1,0,1,0,1,0,1,2
322,0,0,1,1,2,1,1,0.0,1.0,0.0,1.0,0.0,0.0,1,0,0,1,0,0,0,1,0,0,0,1,0,1,0,0,1,0,1,0,1,2
323,0,0,1,1,2,1,1,0.0,1.0,0.0,0.0,1.0,0.0,1,0,0,1,1,1,0,1,0,0,1,0,0,0,1,0,1,0,1,0,1,2
324,0,2,1,1,2,1,1,1.0,0.0,0.0,1.0,0.0,0.0,0,1,1,0,0,0,0,1,0,0,1,0,0,0,1,1,1,0,1,0,1,1
325,0,0,1,1,2,1,1,0.0,1.0,0.0,0.0,1.0,0.0,1,0,1,0,0,0,0,1,0,0,1,0,0,0,1,1,1,0,1,0,1,1
326,0,0,1,1,2,1,1,0.0,1.0,0.0,1.0,0.0,0.0,1,0,0,1,1,1,0,1,0,0,1,0,0,0,1,0,1,0,1,0,1,2
327,0,0,1,1,2,1,1,0.0,1.0,0.0,0.0,1.0,0.0,1,1,0,1,1,1,0,1,0,0,1,0,0,0,1,0,1,0,1,0,1,2
328,0,3,1,1,2,1,1,0.0,1.0,0.0,0.0,1.0,0.0,0,1,0,1,0,0,0,1,0,0,1,0,0,0,1,1,1,0,1,0,1,1
329,0,1,1,1,2,1,1,0.0,1.0,0.0,0.0,1.0,0.0,1,1,0,1,0,0,0,1,0,0,1,0,0,1,0,0,1,0,1,0,1,2
330,0,1,1,1,2,1,1,0.0,1.0,0.0,0.0,1.0,0.0,1,0,0,1,1,1,0,1,0,0,1,0,1,0,1,1,1,0,1,0,1,1
331,0,0,2,0,0,2,2,1.0,0.0,0.0,1.0,0.0,0.0,1,1,1,0,0,0,1,0,0,0,0,1,1,0,1,0,0,1,1,0,1,1
332,3,0,0,0,0,2,2,0.0,1.0,0.0,1.0,0.0,0.0,1,0,0,1,0,0,0,1,0,0,1,1,0,0,1,0,0,1,1,0,1,2
333,0,0,2,2,2,2,1,0.0,1.0,0.0,0.0,1.0,0.0,1,1,1,0,0,0,0,1,0,0,1,0,0,0,1,0,0,1,1,0,1,2
334,3,0,1,1,2,1,1,0.0,1.0,0.0,0.0,1.0,0.0,1,0,1,0,0,0,0,1,0,0,1,0,0,0,1,1,1,0,1,0,1,1
335,0,0,1,1,2,1,1,1.0,0.0,0.0,0.0,1.0,0.0,1,0,0,1,0,0,0,1,0,0,1,0,0,0,1,1,1,0,1,0,1,1
336,0,2,1,1,2,1,1,0.0,1.0,0.0,0.0,1.0,0.0,1,1,1,0,0,0,0,1,0,0,1,0,0,0,1,1,1,0,1,0,1,1
337,0,0,2,0,0,2,2,0.0,1.0,0.0,1.0,0.0,0.0,1,0,0,1,1,1,1,0,0,0,1,0,1,0,1,0,0,1,1,0,1,0
338,0,1,0,0,0,2,2,0.0,1.0,0.0,0.0,1.0,0.0,0,1,0,1,0,0,1,0,1,0,1,0,1,0,1,0,0,1,1,0,1,2
339,0,0,2,0,2,2,1,1.0,0.0,0.0,1.0,0.0,0.0,1,1,0,1,1,1,1,1,0,0,1,0,1,0,1,0,0,1,1,0,1,2
340,0,0,2,2,2,1,1,1.0,0.0,0.0,0.0,1.0,0.0,1,1,1,0,0,0,0,1,0,0,1,1,0,0,1,1,1,0,1,0,1,1
341,0,0,1,3,2,1,1,1.0,0.0,0.0,1.0,0.0,0.0,1,0,0,1,0,0,0,1,0,0,1,0,0,0,1,1,1,0,1,0,1,1
342,0,1,1,1,2,1,1,1.0,0.0,0.0,1.0,0.0,0.0,1,0,0,1,0,0,0,1,0,0,1,0,0,0,1,1,1,0,1,0,1,1
343,0,0,1,1,2,1,1,0.0,1.0,0.0,0.0,1.0,0.0,1,0,1,0,0,0,0,1,0,0,1,0,0,0,1,1,1,0,1,0,1,1
344,0,0,1,1,2,1,1,0.0,1.0,0.0,1.0,0.0,0.0,1,0,1,0,0,0,0,1,0,0,1,0,0,0,1,1,1,0,1,0,1,1
345,3,0,0,1,0,2,2,0.0,1.0,0.0,1.0,0.0,0.0,1,0,0,0,1,1,1,1,1,1,0,0,1,0,0,1,0,1,0,1,1,0
346,3,0,3,0,0,2,2,1.0,0.0,0.0,1.0,0.0,0.0,0,1,0,0,1,1,0,1,1,0,0,1,0,0,1,0,0,1,0,1,1,0
347,3,0,2,0,0,1,2,1.0,0.0,0.0,0.0,1.0,0.0,1,0,0,0,0,1,1,0,0,0,0,1,1,0,1,1,0,1,0,1,1,1
348,3,0,0,0,0,2,2,0.0,1.0,0.0,1.0,0.0,0.0,0,1,0,0,1,1,1,1,1,0,1,0,1,0,1,0,1,0,0,1,1,0
349,0,0,1,1,2,0,1,0.0,1.0,0.0,0.0,1.0,0.0,1,0,0,0,1,1,0,0,1,0,0,1,1,0,1,1,1,0,0,1,1,1
350,0,0,0,0,0,1,2,1.0,0.0,0.0,0.0,1.0,0.0,1,0,0,0,1,1,0,1,0,1,0,0,1,1,0,0,0,1,0,1,1,0
351,0,0,3,4,4,3,4,1.0,0.0,0.0,0.0,1.0,0.0,1,0,0,1,0,0,0,0,1,0,0,1,1,0,1,1,1,0,0,1,1,1
352,3,2,0,0,2,2,2,0.0,1.0,0.0,1.0,0.0,0.0,1,0,0,0,1,1,1,1,1,0,1,0,1,0,0,1,0,1,0,1,1,0
353,0,0,1,1,2,3,0,0.0,1.0,0.0,1.0,0.0,0.0,1,1,0,0,1,0,1,0,0,0,0,1,0,0,1,1,1,0,0,1,1,1
354,3,0,0,0,2,1,1,0.0,1.0,0.0,1.0,0.0,0.0,0,0,0,0,0,0,0,0,0,0,1,0,0,0,1,1,0,1,0,1,0,1
355,0,0,1,1,1,1,1,1.0,0.0,0.19160265188353887,0.8083973481164611,0.0,0.0,1,0,0,1,0,0,0,0,1,0,0,0,0,0,1,1,0,0,0,1,1,1
356,0,0,2,0,0,3,1,0.0,1.0,0.0,1.0,0.0,0.0,1,0,0,0,0,0,1,0,0,0,0,1,0,0,1,0,0,0,0,1,1,1
357,0,0,1,0,0,1,1,0.9023278859936161,0.09767211400638387,0.0,1.0,0.0,0.0,0,1,0,0,0,0,1,0,0,0,0,1,0,0,1,0,0,1,1,0,1,1
358,0,0,0,0,1,1,1,0.6842330265121569,0.3157669734878431,0.0,1.0,0.0,0.0,0,1,0,1,0,0,0,0,1,0,0,1,0,0,1,1,0,1,0,1,1,1
359,0,0,0,0,0,1,1,0.0,1.0,0.0,0.0,1.0,0.0,0,0,0,1,0,0,0,1,0,0,1,1,0,0,1,1,1,0,0,1,1,1
360,3,0,0,0,3,1,1,0.0,1.0,0.0,1.0,0.0,0.0,0,0,0,0,0,0,0,0,0,0,1,0,0,0,1,1,0,1,0,1,0,1
361,0,0,0,0,2,1,1,0.4951769101112702,0.5048230898887298,0.0,0.4951769101112702,0.5048230898887298,0.0,1,1,0,0,1,1,1,0,0,0,1,0,0,0,1,0,0,1,0,1,0,1
362,0,0,0,0,0,1,1,0.0,1.0,0.0,0.0,1.0,0.0,0,1,0,1,0,0,0,1,0,0,1,0,0,0,1,1,1,0,0,1,1,1
363,0,0,2,0,0,2,2,0.9093204020787821,0.09067959792121794,0.0,1.0,0.0,0.0,1,0,0,0,0,0,1,0,0,0,0,1,1,0,1,0,0,1,0,0,1,1
364,0,0,2,0,0,2,2,0.2587799816000169,0.7412200183999831,0.0,1.0,0.0,0.0,1,0,0,0,0,0,1,0,0,0,0,1,1,0,1,0,0,1,0,0,1,1
365,0,0,0,0,1,1,2,0.0,1.0,0.0,0.0,1.0,0.0,0,0,0,1,0,0,0,1,0,0,1,0,0,0,1,1,1,0,0,1,1,1
366,3,0,0,0,3,1,0,0.0,1.0,0.31171107608941095,0.688288923910589,0.0,0.0,0,0,0,1,0,0,0,0,1,0,1,1,1,0,1,1,0,1,0,1,1,1
367,3,0,0,0,2,1,0,0.0,1.0,0.0,1.0,0.0,0.0,0,0,0,0,0,0,0,0,0,0,1,0,0,0,1,1,0,1,0,1,1,1
368,0,0,0,0,1,1,2,0.0,1.0,0.0,0.0,1.0,0.0,0,0,0,1,0,0,0,1,0,0,1,0,0,0,1,1,1,0,0,1,1,1
369,3,0,1,1,2,1,1,0.18485445552552704,0.815145544474473,0.0,0.815145544474473,0.18485445552552704,0.0,1,0,0,0,1,1,0,0,0,0,1,0,0,0,1,1,0,0,0,1,0,1
370,0,0,0,0,0,1,1,0.0,1.0,0.0,0.9695846277645586,0.03041537223544144,0.0,0,1,0,1,0,0,0,0,0,0,0,1,0,0,1,1,0,0,0,1,1,1
371,3,0,1,0,2,1,1,0.0,1.0,0.0,1.0,0.0,0.0,1,0,0,0,1,1,0,0,0,0,1,0,0,0,1,1,0,0,0,1,0,1
372,0,0,0,0,1,1,2,0.0,1.0,0.0,0.0,1.0,0.0,0,0,0,1,0,0,0,1,0,0,1,0,0,0,1,1,1,0,0,1,1,1
373,0,0,1,0,1,1,1,1.0,0.0,0.0,1.0,0.0,0.0,0,1,0,0,0,0,0,0,0,0,0,1,1,0,1,0,0,1,0,0,1,1
374,0,1,1,1,1,1,1,1.0,0.0,0.40210002118891486,0.5978999788110851,0.0,0.0,1,0,0,1,0,0,0,0,0,0,0,0,0,0,1,1,0,0,0,1,1,1
375,3,0,0,0,2,1,1,0.0,1.0,0.0,0.07812576497688317,0.9218742350231168,0.0,0,0,0,1,0,0,0,0,1,0,1,1,1,0,1,1,0,0,0,1,1,1
376,3,0,1,0,2,1,1,0.0,1.0,0.0,1.0,0.0,0.0,1,0,0,0,1,1,0,0,0,0,1,0,0,0,1,1,0,0,0,1,0,1
377,0,0,0,0,0,1,1,0.0,1.0,0.0,0.0,1.0,0.0,0,0,0,1,0,0,0,1,0,0,1,1,0,0,1,1,1,0,0,1,1,1
378,3,0,1,1,2,1,1,0.0,1.0,0.0,0.045227288910538066,0.9547727110894619,0.0,0,0,0,1,0,0,0,0,1,0,0,1,0,0,1,1,0,0,0,1,1,1
379,0,0,2,0,0,2,2,0.0,1.0,0.0,1.0,0.0,0.0,1,0,0,0,0,1,1,0,0,0,0,0,1,0,1,0,0,1,0,0,1,1
380,0,0,0,0,0,1,1,0.0,1.0,0.0,0.388677289689482,0.611322710310518,0.0,0,1,0,1,0,0,0,0,0,0,0,1,0,0,1,1,0,0,0,1,1,1
381,0,0,1,0,0,1,1,1.0,0.0,0.0,1.0,0.0,0.0,0,1,0,0,0,0,0,0,0,0,0,1,1,0,1,0,0,1,0,0,1,1
382,0,0,0,0,0,1,1,0.0,1.0,0.0,0.0,1.0,0.0,0,0,0,0,0,0,0,1,0,0,1,0,0,0,1,1,1,0,0,1,0,1
383,0,0,1,1,1,1,1,1.0,0.0,0.6432466733064107,0.3567533266935893,0.0,0.0,0,0,0,1,0,0,0,0,1,0,0,0,1,0,1,1,0,1,0,1,1,1
384,0,0,1,0,0,2,2,0.7190654903126192,0.28093450968738076,0.0,1.0,0.0,0.0,1,1,0,0,0,0,1,0,0,0,0,0,1,0,1,0,0,1,1,0,1,1
385,0,0,2,1,1,1,1,1.0,0.0,0.45730391684175153,0.5426960831582485,0.0,0.0,1,0,0,0,0,0,0,0,1,0,0,0,1,0,1,1,0,1,0,1,1,1
386,0,0,0,0,2,1,1,0.0,1.0,0.0,0.0,1.0,0.0,1,1,0,0,0,1,1,0,0,0,1,0,0,0,1,0,0,1,0,1,1,1
387,0,0,1,0,1,3,0,0.0,1.0,0.0,1.0,0.0,0.0,1,0,0,0,0,0,1,0,0,0,0,1,0,0,1,0,0,0,0,1,1,1
388,0,0,1,0,0,1,1,1.0,0.0,0.0,1.0,0.0,0.0,0,1,0,0,0,0,0,0,0,0,0,1,1,0,1,0,0,1,0,0,1,1
389,3,0,1,1,2,1,1,0.9868869366005173,0.013113063399482705,0.0,0.013113063399482705,0.9868869366005173,0.0,1,0,0,0,1,1,0,0,0,0,1,0,0,0,1,1,0,0,0,1,0,1
390,3,0,0,0,2,1,1,0.0,1.0,0.0,1.0,0.0,0.0,0,0,0,1,0,0,0,0,1,0,0,1,1,0,1,1,0,0,0,1,1,1
391,0,0,0,0,0,1,1,0.0,1.0,0.0,0.8012843184658276,0.1987156815341724,0.0,0,1,0,1,0,0,0,0,0,0,0,1,0,0,1,1,0,0,0,1,1,1
392,0,0,0,0,0,1,1,0.0,1.0,0.0,0.0,1.0,0.0,0,0,0,1,0,0,0,1,0,0,1,1,0,0,1,1,1,0,0,1,1,1
393,0,0,0,0,1,1,1,0.0,1.0,0.0,1.0,0.0,0.0,0,1,0,1,0,0,0,0,0,0,0,1,0,0,1,1,0,1,0,0,1,1
394,3,0,0,0,2,1,1,0.0,1.0,0.0,1.0,0.0,0.0,0,0,0,0,0,0,0,0,0,0,1,0,0,0,1,1,0,1,0,1,0,1
395,0,0,0,0,2,1,1,0.0,1.0,0.0,0.0,1.0,0.0,1,0,0,0,1,1,0,0,1,0,1,0,0,0,1,0,0,0,0,1,1,1
396,3,0,1,1,2,1,1,0.0,1.0,0.0,0.22872965331405426,0.7712703466859457,0.0,1,0,0,0,1,0,0,0,0,0,1,0,0,0,1,1,0,0,0,0,0,1
397,0,0,0,0,0,1,1,0.0,1.0,0.0,0.0,1.0,0.0,0,0,0,0,0,0,0,1,0,0,1,0,0,0,1,1,1,0,0,1,0,1
398,0,0,0,1,2,0,0,0.6746696692367357,0.32533033076326434,0.0,1.0,0.0,0.0,1,1,0,1,0,0,0,0,1,0,0,0,1,0,1,0,0,0,0,1,0,2
399,0,0,1,1,2,1,1,0.0,1.0,0.0,0.0,1.0,0.0,0,1,0,1,1,1,0,1,0,0,1,0,0,0,1,0,1,0,1,0,1,2
400,0,0,0,0,0,2,2,0.0,1.0,0.0,0.7286509682261041,0.2713490317738959,0.0,0,1,0,0,1,1,0,1,0,0,0,1,1,0,1,0,0,1,1,0,1,2
401,0,0,0,0,0,2,2,0.8287375091519293,0.17126249084807066,0.0,1.0,0.0,0.0,1,0,0,0,1,0,0,1,0,0,1,0,0,0,1,0,0,1,0,1,1,2
402,0,0,0,0,0,1,2,1.0,0.0,0.0,0.3567533266935893,0.6432466733064107,0.0,0,1,0,0,0,0,0,0,0,0,1,0,1,0,1,0,0,1,0,0,1,2
403,0,0,1,1,2,1,1,0.0,1.0,0.0,1.0,0.0,0.0,1,0,0,0,0,0,1,0,0,0,1,0,0,1,0,0,0,1,0,1,0,2
404,0,0,0,1,2,0,0,0.45730391684175153,0.5426960831582485,0.0,1.0,0.0,0.0,1,1,0,1,0,0,0,0,1,0,0,0,1,0,1,0,0,0,0,1,0,2
405,3,0,1,0,0,1,1,0.8590757750252374,0.14092422497476265,0.8590757750252374,0.14092422497476265,0.0,0.0,1,0,0,0,0,1,0,1,0,0,1,0,0,0,0,0,1,0,0,0,1,2
406,3,0,0,0,0,1,2,0.0,1.0,0.0,1.0,0.0,0.0,0,1,0,1,0,0,1,0,1,0,1,0,0,0,1,0,0,1,0,0,1,2
407,0,0,0,2,0,1,1,1.0,0.0,0.0,1.0,0.0,0.0,1,0,0,1,0,0,0,1,0,0,1,0,0,0,0,0,0,1,0,1,1,2
408,0,0,0,1,0,1,2,1.0,0.0,0.0,0.0,1.0,0.0,1,0,0,0,0,0,0,0,0,0,0,1,0,0,1,0,0,1,0,1,1,2
409,0,0,0,0,0,2,2,1.0,0.0,0.0,1.0,0.0,0.0,0,1,0,0,0,1,0,1,0,0,0,0,1,0,1,0,0,0,0,1,1,2
410,0,0,2,2,2,1,1,0.0,1.0,0.0,1.0,0.0,0.0,1,0,0,0,0,0,0,1,0,0,1,0,0,0,1,0,0,1,0,1,0,2
411,2,0,1,1,1,1,1,0.005522117123602399,0.9944778828763976,0.0,0.005522117123602399,0.0,0.9944778828763976,0,1,0,0,1,1,0,1,0,0,0,0,0,0,1,0,0,0,0,1,0,2
412,0,0,1,1,2,1,1,0.0,1.0,0.0,0.0,1.0,0.0,1,0,0,0,0,0,0,1,0,0,1,0,0,1,0,0,1,0,0,0,1,2
413,0,0,0,0,0,2,2,0.0,1.0,0.0,1.0,0.0,0.0,1,1,0,1,1,1,0,0,0,0,0,0,1,0,1,0,0,1,1,0,1,2
414,0,0,1,1,2,1,1,0.0,1.0,0.0,0.0,1.0,0.0,0,0,0,1,1,1,0,1,0,0,1,0,0,0,1,0,1,0,1,0,1,2
415,0,0,0,0,0,2,2,0.0,1.0,0.0,0.0,1.0,0.0,0,1,0,0,0,0,1,0,1,0,1,0,1,0,1,0,0,1,1,0,1,2
416,3,0,1,0,2,1,1,0.9259553482659096,0.07404465173409036,0.0,0.9259553482659096,0.0,0.07404465173409036,0,0,0,1,1,1,0,1,0,0,1,0,0,1,0,0,1,0,1,0,1,2
417,0,0,1,1,1,1,1,0.0,1.0,0.0,1.0,0.0,0.0,0,1,0,1,0,0,0,0,0,0,1,0,0,1,0,0,0,1,0,1,1,2
418,2,0,0,0,0,2,2,0.0,1.0,0.0,1.0,0.0,0.0,1,0,0,1,0,0,0,1,0,0,0,1,0,0,1,0,0,1,1,0,1,2
419,0,0,1,1,2,1,1,0.0,1.0,0.0,1.0,0.0,0.0,0,0,0,0,1,1,0,0,0,0,1,0,0,1,0,0,0,0,0,1,0,2
420,2,0,2,1,2,1,1,0.0,1.0,0.0,0.0,0.0,1.0,0,0,0,0,1,1,0,1,0,0,1,0,0,1,0,0,1,0,0,0,1,2
421,0,0,0,3,0,2,1,1.0,0.0,0.0,1.0,0.0,0.0,0,1,0,1,0,0,0,1,0,0,1,1,0,0,1,0,0,0,0,0,1,2
422,0,0,1,1,2,1,1,0.0,1.0,0.0,0.0,1.0,0.0,0,0,0,0,1,0,0,1,0,0,1,0,0,0,0,0,1,0,0,1,0,2
423,2,0,1,0,0,1,1,0.0,1.0,0.0,0.0,0.6890176782843378,0.3109823217156622,1,1,0,0,0,1,0,1,0,0,0,0,0,0,0,0,0,1,0,1,1,2
424,0,0,0,0,0,1,1,0.0,1.0,0.0,0.0,1.0,0.0,0,1,0,0,1,1,0,1,0,0,0,0,1,0,1,0,0,1,0,0,1,2
425,0,0,0,0,0,1,2,0.27039382166193593,0.7296061783380641,0.0,0.0,1.0,0.0,1,1,1,0,0,0,1,0,1,0,1,0,1,0,0,0,0,0,1,0,1,2
426,0,0,1,1,2,1,1,0.0,1.0,0.0,0.0,1.0,0.0,0,1,0,1,1,1,0,1,0,0,1,0,0,0,1,0,1,0,1,0,1,2
427,0,0,0,0,0,1,2,0.11278725742367346,0.8872127425763265,0.0,0.0,1.0,0.0,1,1,0,0,0,0,0,0,0,0,0,0,1,0,1,0,0,1,1,0,1,2
428,0,0,0,0,0,2,2,0.4722149251619493,0.5277850748380507,0.0,1.0,0.0,0.0,1,1,0,0,1,1,0,1,0,0,0,1,0,0,1,0,0,1,0,0,1,2
429,1,0,0,0,2,1,1,0.0,1.0,0.0,1.0,0.0,0.0,1,0,0,0,1,1,0,0,1,0,1,0,0,0,0,0,0,1,0,1,0,2
430,0,0,0,0,2,1,1,0.0,1.0,0.0,1.0,0.0,0.0,1,0,0,0,0,1,0,0,0,0,1,0,0,0,1,0,0,1,0,1,0,2
431,0,0,0,0,0,2,2,0.0,1.0,0.0,0.7607850486168974,0.23921495138310256,0.0,1,0,0,0,1,0,0,1,0,0,1,0,0,0,1,0,1,0,1,0,0,2
432,0,0,2,2,2,1,1,0.0,1.0,0.0,0.0,1.0,0.0,1,0,0,0,0,0,0,1,0,0,1,0,0,0,1,0,0,0,1,0,1,2
433,0,0,2,2,2,1,1,0.0,1.0,0.0,1.0,0.0,0.0,1,0,0,0,0,0,0,1,0,0,1,0,0,0,1,0,0,1,0,1,0,2
434,0,0,1,1,2,1,1,0.0,1.0,0.0,0.49379559636439074,0.5062044036356093,0.0,1,0,0,1,0,0,0,1,0,0,0,0,0,1,0,0,1,0,1,0,1,2
435,0,0,1,1,2,1,1,0.0,1.0,0.0,1.0,0.0,0.0,1,0,0,1,0,0,0,1,0,0,1,0,0,0,1,0,0,0,0,0,1,2
436,0,0,1,1,2,1,1,0.0,1.0,0.0,1.0,0.0,0.0,1,0,0,0,0,0,1,0,0,0,1,0,0,1,0,0,0,1,0,1,0,2
437,0,0,1,0,2,1,1,0.9745808732559048,0.02541912674409519,0.0,0.9745808732559048,0.02541912674409519,0.0,0,1,0,1,1,1,0,1,0,0,1,0,1,0,1,0,0,0,1,0,1,2
438,0,0,0,0,0,2,2,0.0,1.0,0.0,0.0,1.0,0.0,1,0,0,1,1,1,0,1,0,0,0,1,1,0,1,0,0,0,1,0,1,2
439,0,0,1,1,2,1,1,0.0,1.0,0.0,0.03142918568673425,0.9685708143132657,0.0,0,0,0,1,1,1,0,1,0,0,1,0,0,0,1,0,1,0,1,0,1,2
440,0,0,0,0,0,2,1,1.0,0.0,0.0,1.0,0.0,0.0,0,1,0,0,0,0,0,1,0,0,1,0,0,0,1,0,0,1,0,1,1,2
441,0,0,2,2,2,2,1,0.0,1.0,0.0,0.0,1.0,0.0,1,1,1,0,0,0,0,1,0,0,1,0,0,0,0,0,0,0,1,0,1,2
442,0,0,1,1,2,1,1,0.0,1.0,0.0,0.49142930883529723,0.5085706911647028,0.0,0,0,0,0,1,1,0,1,0,0,1,0,0,0,1,0,0,0,0,1,0,2
443,0,0,0,0,0,2,2,0.0,1.0,0.0,0.0,1.0,0.0,1,1,0,1,1,1,0,1,0,0,0,1,0,0,1,0,0,0,1,0,1,2
444,2,0,2,1,1,0,0,0.7507077708511251,0.24929222914887494,0.7507077708511251,0.24929222914887494,0.0,0.0,0,1,0,1,0,0,0,1,0,0,0,0,0,0,1,0,1,0,1,0,1,2
445,2,0,0,0,1,1,1,0.0,1.0,0.0,0.5896170769643703,0.0,0.41038292303562973,1,0,0,0,1,1,0,0,0,0,0,0,0,0,1,0,0,1,0,1,0,2
446,0,0,0,0,2,1,1,0.0,1.0,0.0,0.24444886145695133,0.7555511385430487,0.0,1,0,0,0,0,1,0,1,0,0,1,0,0,0,1,0,0,0,0,1,1,2
447,3,0,1,1,0,0,0,0.7712018345083775,0.22879816549162246,0.7712018345083775,0.22879816549162246,0.0,0.0,0,0,0,0,0,0,0,1,0,0,1,0,0,0,1,0,1,0,0,0,1,2
448,1,0,1,1,2,1,1,0.0,1.0,0.923020090171207,0.0,0.07697990982879299,0.0,1,0,0,0,1,0,0,1,0,0,1,0,0,1,0,0,1,0,0,1,0,2
449,0,1,1,1,2,0,1,0.0,1.0,0.0,0.289751452913768,0.710248547086232,0.0,1,0,0,0,0,1,1,0,1,0,0,0,0,0,0,0,0,1,0,1,0,2
450,0,0,2,2,0,1,1,0.0,1.0,0.0,0.0,1.0,0.0,1,0,0,1,0,0,0,1,0,0,1,0,0,0,1,0,0,0,1,0,0,2
451,0,0,1,1,2,1,1,0.9296976523425731,0.07030234765742693,0.0,0.0,1.0,0.0,1,0,0,0,1,0,0,1,0,0,1,0,0,1,0,0,1,0,0,0,1,2
452,3,0,1,1,0,0,0,0.0,1.0,0.0,0.808120379564417,0.19187962043558304,0.0,1,0,0,0,0,0,0,1,0,0,1,0,0,0,0,0,1,0,0,0,1,2
453,2,0,0,0,2,1,1,0.0,1.0,0.6334037565104235,0.36659624348957653,0.0,0.0,1,0,0,0,1,1,0,0,0,0,1,0,0,0,0,0,0,0,0,1,0,2
454,0,0,0,0,0,2,2,0.0,1.0,0.0,1.0,0.0,0.0,0,1,0,0,1,1,0,1,0,0,0,1,1,0,1,0,0,1,1,0,1,2
455,0,0,0,0,0,2,2,0.0,1.0,0.0,0.19632792310088554,0.8036720768991145,0.0,1,1,0,0,0,0,1,0,1,0,1,0,1,0,1,0,0,1,1,0,1,2
456,0,0,1,1,2,1,1,0.0,1.0,0.0,0.0,1.0,0.0,1,1,0,0,0,0,0,1,0,0,1,0,0,1,0,0,1,0,1,0,1,2
457,0,0,0,0,0,1,2,0.8925589984899778,0.10744100151002223,0.0,0.0,1.0,0.0,1,1,1,0,0,0,1,0,1,0,1,0,1,0,1,0,0,1,1,0,1,2
458,0,0,0,1,2,0,0,0.5393422419156507,0.4606577580843493,0.0,1.0,0.0,0.0,1,0,0,1,0,0,0,0,1,0,0,1,1,0,1,0,0,1,0,1,1,2
459,0,0,1,0,1,0,0,0.0,1.0,0.0,0.19255984483593747,0.8074401551640625,0.0,1,0,0,0,0,1,0,1,0,0,1,0,0,0,1,0,0,0,0,1,1,2
460,0,0,1,1,2,1,1,0.0,1.0,0.0,1.0,0.0,0.0,1,0,0,1,0,0,0,0,0,0,1,0,0,0,0,0,0,1,0,1,1,2
461,0,0,0,0,3,2,3,0.6819965250281361,0.3180034749718639,0.0,1.0,0.0,0.0,0,0,0,0,0,0,0,1,0,0,1,0,0,0,1,0,1,0,1,0,1,2
462,0,0,1,1,0,1,1,1.0,0.0,0.0,0.8899480754723232,0.11005192452767676,0.0,0,1,0,1,0,0,0,1,0,0,1,0,0,0,0,0,1,0,0,0,1,2
463,0,0,1,1,2,1,1,0.0,1.0,0.0,0.0,1.0,0.0,1,0,0,1,1,1,0,1,0,0,1,0,0,0,1,0,1,0,1,0,1,2
464,0,0,1,1,2,1,1,0.0,1.0,0.0,0.0,1.0,0.0,0,1,0,1,1,1,0,1,0,0,1,0,0,0,1,0,1,0,1,0,1,2
465,3,0,0,0,0,1,2,0.0,1.0,0.0,1.0,0.0,0.0,0,1,0,1,0,0,1,0,1,0,1,0,0,0,1,0,0,1,0,0,1,2
466,2,0,1,0,2,1,1,0.0,1.0,0.8607305832563434,0.0,0.0,0.13926941674365656,1,0,0,0,1,1,0,1,0,0,1,0,0,1,0,0,1,0,0,0,0,2
467,0,0,0,0,0,1,2,0.9930478694688093,0.006952130531190703,0.0,0.0,1.0,0.0,1,1,0,0,0,0,0,0,0,0,0,0,1,0,1,0,0,1,1,0,1,2
